NationalItemMasterId,CanonicalPartName,CanonicalDescription,UnitOfMeasure,Classification,Manufacturers,Vendors,HospitalCount,SourceRecordCount,MinPrice,MedianPrice,MaxPrice,TotalOnHandQty,TotalQtyOnOrder,HumanReviewRecordCount
NIM-ANTISEPTIC-WIPES,Antiseptic Wipes,Antiseptic Wipes - Generic,EA,Medical,HealthCorp Intl; MedSupply Corp; SurgiTech LLC,GlobalMed; HealthEquip Direct; MedLogix; Prime Healthcare Vendors; United Medical Suppliers,10,298,6.68,880.79,1489.66,23255,28406,218
NIM-BLOOD-PRESSURE-CUFF,Blood Pressure Cuff,Blood Pressure Cuff - Premium,EA,Pharmaceutical,HealthCorp Intl; MedSupply Corp; SurgiTech LLC,GlobalMed; HealthEquip Direct; MedLogix; Prime Healthcare Vendors; United Medical Suppliers,10,683,6.68,881.76,1493.67,63587,67584,492
NIM-CATHETER-FOLEY,Catheter Foley,Catheter Foley - Imported,EA,Implant,HealthCorp Intl; MedSupply Corp; SurgiTech LLC,GlobalMed; HealthEquip Direct; MedLogix; Prime Healthcare Vendors; United Medical Suppliers,10,544,6.68,958.06,1489.66,34270,58488,394
NIM-COMPRESSION-BANDAGE,Compression Bandage,Compression Bandage - Standard,EA,Surgical,HealthCorp Intl; MedSupply Corp; SurgiTech LLC,GlobalMed; HealthEquip Direct; MedLogix; Prime Healthcare Vendors; United Medical Suppliers,10,525,6.68,816.52,1486.42,39575,50748,359
NIM-IV-BAG-500ML,IV Bag 500ml,IV Bag 500ml - Generic,EA,Supply,HealthCorp Intl; MedSupply Corp; SurgiTech LLC,GlobalMed; HealthEquip Direct; MedLogix; Prime Healthcare Vendors; United Medical Suppliers,10,507,6.68,920.9,1496.35,35213,48395,344
NIM-SCALPEL-SIZE-10,Scalpel Size 10,Scalpel Size 10 - Standard,EA,Supply,HealthCorp Intl; MedSupply Corp; SurgiTech LLC,GlobalMed; HealthEquip Direct; MedLogix; Prime Healthcare Vendors; United Medical Suppliers,10,431,8.01,841.09,1489.66,27555,41072,279
NIM-SURGICAL-GLOVES,Surgical Gloves,Surgical Gloves - Imported,EA,Medical,HealthCorp Intl; MedSupply Corp; SurgiTech LLC,GlobalMed; HealthEquip Direct; MedLogix; Prime Healthcare Vendors; United Medical Suppliers,10,521,9.83,771.08,1496.35,39674,59132,394
NIM-SYRINGE-10ML,Syringe 10ml,Syringe 10ml - Generic,EA,Surgical,HealthCorp Intl; MedSupply Corp; SurgiTech LLC,GlobalMed; HealthEquip Direct; MedLogix; Prime Healthcare Vendors; United Medical Suppliers,10,477,8.44,794.82,1489.66,35226,45273,354
NIM-THERMOMETER-DIGITAL,Thermometer Digital,Thermometer Digital - Imported,EA,Medical,HealthCorp Intl; MedSupply Corp; SurgiTech LLC,GlobalMed; HealthEquip Direct; MedLogix; Prime Healthcare Vendors; United Medical Suppliers,10,495,6.68,664.33,1496.35,43910,49551,351
NIM-WOUND-DRESSING-LARGE,Wound Dressing Large,Wound Dressing Large - Generic,EA,Implant,HealthCorp Intl; MedSupply Corp; SurgiTech LLC,GlobalMed; HealthEquip Direct; MedLogix; Prime Healthcare Vendors; United Medical Suppliers,10,519,6.68,924.4,1493.67,37926,48853,364
